{
  "m12": {
    "count": 1000,
    "p10": 27.725047357630306,
    "p25": 31.99336632255153,
    "p50": 59.80929580210941,
    "p75": 74.33023003364913,
    "p90": 84.75654362569351
  },
  "m60": {
    "count": 0
  }
}